Timestamp,What is your program?,What is your gender?,What is your AGE as of your last birthday?,What is your HEIGHT (to the nearest centimetre)?,What is your WEIGHT (to the nearest kilogram)?,What was your AVERAGE MONTHLY SALARY (to the nearest $100) at your last full time employment prior to enrolling at BCIT?,What MONTHLY SALARY (to the nearest $100) would you EXPECT if you were to seek employment immediately after obtaining your diploma?,"After graduation, for which one of the following TYPES OF ORGANIZATION would you most prefer to work?",Do you LIVE WITH YOUR PARENTS? ,What are your MONTHLY EXPENSES for FOOD and LODGING?,What MODE of TRANSPORT do you use most often to get to and from BCIT?,What is your COST per MONTH for TRANSPORTATION to and from BCIT?,What is your COST per MONTH for ENTERTAINMENT?,"Are you right-handed, Left-handed or ambidextrous?",What is your COST per MONTH for your CELL PHONE?,Do you SMOKE cigarettes? ,What is your foot size in INCHES?,How many alcoholic drinks do you have per week?,Do you have a tattoo?,"On average, how many hours per night do you sleep?",How much time in hours do you spend each week on social netorking sites?,How many hours per week do you spend studying/doing homework?,How many hours a week are you working (part-time or full-time employment) outside of BCIT?,Have you traveled outside of North America?,Do you pay entirely for your own tuition?,How many cups of coffee do you drink on average each day?,BMI
2019/02/04 11:26:35 am GMT-8,HRMG,Female,22,177.8,110.0,1400.0,4000.0,3. Non-profit or Government Agency,No,700.0,1. Walk,0.0,100.0,0. Right-handed,68.0,No,11.12,0,Yes,8,10,10,0,Yes,No,0.0,34.79598795932286
2019/02/04 11:27:45 am GMT-8,HRMG,Female,24,175.0,63.0,2000.0,3750.0,2. Small Company,Yes,300.0,3. Drive,,150.0,0. Right-handed,60.0,No,9.5,0,Yes,8,7,20,0,Yes,Yes,2.0,20.571428571428573
2019/02/04 11:27:46 am GMT-8,HRMG,Male,24,182.88,100.0,2000.0,3500.0,2. Small Company,Yes,200.0,3. Drive,100.0,150.0,1. Left-handed,82.0,No,10.5,1,No,6,20,20,8,Yes,No,0.0,29.899751157527007
2019/02/04 11:29:06 am GMT-8,HRMG,Female,34,162.6,61.3,2500.0,3500.0,1. Large Corporation,Yes,300.0,3. Drive,,400.0,0. Right-handed,70.0,No,7,0,Yes,7-8,14,20,0,Yes,No,1.0,23.185656210805654
2019/02/04 11:29:12 am GMT-8,HRMG,Female,24,160.0,54.0,0.0,3800.0,2. Small Company,Yes,500.0,3. Drive,300.0,100.0,0. Right-handed,90.0,No,size 8 in inches,0-3,No,6-7,6 hours,11 hours,0,Yes,Yes,1.0,21.093749999999996
2019/02/04 11:29:30 am GMT-8,HRMG,Female,24,164.0,65.0,2500.0,5000.0,2. Small Company,Yes,500.0,2. Public Transport,40.0,150.0,0. Right-handed,55.0,No,9.25,0,No,7,20,25,0,Yes,Yes,0.0,24.167162403331353
2019/02/04 11:29:38 am GMT-8,HRMG,Female,27,153.0,55.0,2300.0,3000.0,2. Small Company,No,400.0,3. Drive,,100.0,0. Right-handed,120.0,No,6,0,Yes,7,8,25,12,Yes,Yes,1.0,23.49523687470631
2019/02/04 11:31:56 am GMT-8,HRMG,Female,27,170.0,70.0,0.0,3500.0,2. Small Company,Yes,100.0,2. Public Transport,60.0,100.0,0. Right-handed,60.0,No,,1,No,5,2 ,28,,Yes,No,1.0,24.221453287197235
2019/02/04 11:33:25 am GMT-8,HRMG,Male,26,170.0,70.0,2950.0,5000.0,1. Large Corporation,No,1200.0,3. Drive,60.0,100.0,2. Ambidextrous,60.0,No,,,Yes,,,,,Yes,No,1.0,24.221453287197235
2019/02/04 11:34:05 am GMT-8,HRMG,Male,40,185.0,90.0,2000.0,4000.0,1. Large Corporation,No,3000.0,2. Public Transport,50.0,200.0,0. Right-handed,80.0,No,13,0,Yes,7,3,14,0,Yes,No,3.0,26.296566837107374
2019/02/04 11:35:08 am GMT-8,HRMG,Male,25,165.0,70.3,1300.0,1600.0,1. Large Corporation,Yes,300.0,3. Drive,50.0,100.0,0. Right-handed,45.0,No,8.5,0,No,7,4,12,3.5,Yes,Yes,0.25,25.821854912764007
2019/02/04 11:36:01 am GMT-8,HRMG,Female,25,163.0,52.0,,,1. Large Corporation,Yes,500.0,3. Drive,20.0,150.0,0. Right-handed,45.0,No,9.5,0,No,6,20,20,8,Yes,No,2.0,19.57168128269788
2019/02/04 11:39:16 am GMT-8,HRMG,Female,38,,60.0,3000.0,3500.0,3. Non-profit or Government Agency,No,1200.0,2. Public Transport,60.0,100.0,0. Right-handed,56.0,Yes,9,0,No,5,14,too many,0,Yes,No,0.0,
2019/02/04 11:40:00 am GMT-8,HRMG,Female,24,162.56,70.0,1920.0,5000.0,3. Non-profit or Government Agency,Yes,400.0,3. Drive,300.0,100.0,0. Right-handed,50.0,Yes,9.75,2,Yes,6,19 hours,30,20,Yes,No,1.0,26.489310791121582
2019/02/04 11:42:54 am GMT-8,HRMG,Female,22,155.45,50.0,1600.0,2500.0,1. Large Corporation,No,500.0,2. Public Transport,0.0,30.0,0. Right-handed,95.0,Yes,9.5,0,Yes,10,5,40,0,No,No,3.0,20.691336878655964
2019/02/04 11:44:47 am GMT-8,HRMG,Female,24,165.0,58.0,0.0,3000.0,1. Large Corporation,Yes,1000.0,3. Drive,150.0,60.0,0. Right-handed,0.0,No,14,0,No,7,25,40,8,Yes,No,1.0,21.30394857667585
2019/02/04 11:46:15 am GMT-8,HRMG,Male,23,179.0,86.0,2500.0,3200.0,2. Small Company,Yes,400.0,3. Drive,,250.0,0. Right-handed,60.0,No,10.25,5,No,7,2,24,8,No,Yes,3.0,26.840610467838083
2019/02/04 11:49:00 am GMT-8,HRMG,Female,22,158.0,53.0,900.0,4000.0,4. Other,Yes,350.0,3. Drive,200.0,100.0,0. Right-handed,0.0,No,9.25 inches,3,No,6 hours,14 hours,30 hours,6 hours,No,No,1.0,21.230572023714146
2019/02/04 11:49:12 am GMT-8,HRMG,Female,25,150.0,50.0,3500.0,4000.0,1. Large Corporation,Yes,500.0,2. Public Transport,100.0,140.0,0. Right-handed,60.0,Yes,9,3,Yes,5,5,30,0,Yes,Yes,0.0,22.22222222222222
2019/02/04 2:31:07 pm GMT-8,HRMG,Male,25,178.0,75.0,2950.0,5000.0,1. Large Corporation,No,1200.0,1. Walk,0.0,200.0,0. Right-handed,0.0,No,10,3,No,6,13,Not often,0,Yes,Yes,4.0,23.671253629592222
2019/02/04 2:38:05 pm GMT-8,HRMG,Female,30,165.0,99.0,2950.0,5000.0,2. Small Company,No,1200.0,3. Drive,60.0,100.0,0. Right-handed,60.0,No,10.2 inches,2,Yes,6,15 hours,40 hours,12,Yes,Yes,2.0,36.36363636363637
2019/02/04 2:40:15 pm GMT-8,HRMG,Female,25,170.0,,2600.0,4000.0,2. Small Company,No,1000.0,3. Drive,200.0,400.0,0. Right-handed,120.0,Yes,9,24,Yes,7.5,14 hour ,24,8-16,Yes,No,1.0,
2019/02/04 2:41:51 pm GMT-8,HRMG,Male,32,176.0,,0.0,3000.0,1. Large Corporation,Yes,800.0,2. Public Transport,0.0,10.0,0. Right-handed,60.0,No,11,1,No,5,3,5,14,Yes,No,2.0,
2019/02/04 2:41:57 pm GMT-8,HRMG,Female,24,,70.0,2800.0,4000.0,1. Large Corporation,No,1800.0,2. Public Transport,40.0,100.0,0. Right-handed,70.0,No,6.5,0,No,6.5,12,25,3,Yes,No,1.0,
2019/02/04 2:44:01 pm GMT-8,HRMG,Female,22,170.18,,0.0,,1. Large Corporation,Yes,600.0,3. Drive,200.0,10.0,0. Right-handed,30.0,No,9.875 in / 25 cm,1,Yes,6,10,8,0,No,No,5.0,
2019/02/04 2:44:50 pm GMT-8,HRMG,Female,22,174.0,51.0,800.0,4000.0,1. Large Corporation,Yes,300.0,2. Public Transport,0.0,200.0,0. Right-handed,,Yes,10,3,No,8,14,20,12,Yes,No,1.0,16.84502576298058
2019/02/04 2:45:51 pm GMT-8,HRMG,Female,23,163.0,49.0,1700.0,3000.0,3. Non-profit or Government Agency,Yes,200.0,3. Drive,120.0,100.0,0. Right-handed,65.0,No,9,0,Yes,6,2,10,4,Yes,No,1.0,18.442545824080696
2019/02/04 2:47:12 pm GMT-8,HRMG,Female,24,160.0,66.0,1600.0,3750.0,2. Small Company,Yes,400.0,3. Drive,,100.0,0. Right-handed,100.0,No,9.5,0,Yes,6.5,3,12,0,Yes,No,2.0,25.781249999999996
2019/02/04 2:47:32 pm GMT-8,HRMG,Female,23,157.0,66.0,2000.0,3750.0,1. Large Corporation,Yes,400.0,4. Carpool,0.0,50.0,0. Right-handed,55.0,No,9.5,0,Yes,6.5,31.5,30,0,Yes,Yes,1.0,26.775934114974238
2019/02/04 2:49:25 pm GMT-8,HRMG,Male,29,170.0,81.0,2400.0,4000.0,2. Small Company,No,1000.0,2. Public Transport,40.0,100.0,0. Right-handed,95.0,No,10.56,4,No,7,1.5,40,10,Yes,Yes,1.0,28.027681660899656
2019/02/04 2:49:29 pm GMT-8,HRMG,Female,35,157.0,64.0,3900.0,4500.0,3. Non-profit or Government Agency,No,300.0,3. Drive,60.0,80.0,0. Right-handed,50.0,Yes,9,3,No,7,1,36,7,Yes,No,0.0,25.96454217209623
2019/02/04 2:58:02 pm GMT-8,HRMG,Male,26,170.0,,1200.0,,2. Small Company,No,900.0,1. Walk,0.0,50.0,0. Right-handed,68.0,No,7 inches,2,No,6,20 hours,24 hours,0,Yes,Yes,1.0,
2019/02/05 6:58:22 pm GMT-8,BMGT,Female,21,,58.0,0.0,4000.0,1. Large Corporation,Yes,2000.0,3. Drive,,,1. Left-handed,65.0,No,5?,none,No,8,40,8,8 hours,Yes,No,1.0,
2019/02/05 7:11:28 pm GMT-8,BMGT,Female,24,161.0,52.1,0.0,4000.0,1. Large Corporation,No,1000.0,3. Drive,300.0,,0. Right-handed,60.0,No,9.06,0,No,8,14,7,20,Yes,Yes,0.0,20.099533197021717
2019/02/05 7:22:05 pm GMT-8,BMGT,Prefer not to say,22,165.0,109.0,0.0,2500.0,1. Large Corporation,No,1000.0,2. Public Transport,0.0,30.0,0. Right-handed,50.0,Yes,9.25,0,Yes,9,20,30,0,Yes,No,3.0,40.03673094582186
2019/02/06 3:29:26 pm GMT-8,BMGT,Female,23,168.0,70.0,0.0,,2. Small Company,No,1000.0,2. Public Transport,50.0,300.0,0. Right-handed,80.0,No,7,0,No,8,20,8,0,Yes,No,0.0,24.801587301587304
2019/02/06 8:15:54 pm GMT-8,BMGT,Male,21,181.0,70.0,2100.0,6666.0,1. Large Corporation,No,2100.0,2. Public Transport,30.0,30.0,0. Right-handed,50.0,No,,1,No,8,2,40,20,Yes,No,1.0,21.36686914318855
2019/02/06 10:23:29 pm GMT-8,BMGT,Male,23,180.0,88.0,0.0,3000.0,2. Small Company,No,1500.0,2. Public Transport,0.0,200.0,1. Left-handed,70.0,No,10,0,Yes,7,40,25,0,No,Yes,0.0,27.160493827160494
2019/02/08 4:51:12 am GMT-8,BMGT,Female,35,160.0,50.0,3000.0,3000.0,3. Non-profit or Government Agency,No,1500.0,2. Public Transport,130.0,200.0,0. Right-handed,60.0,No,,,No,7,1,10,20,Yes,No,2.0,19.531249999999996
2019/02/08 8:17:24 am GMT-8,BMGT,Male,21,183.0,85.0,4400.0,6500.0,2. Small Company,Yes,500.0,3. Drive,,,0. Right-handed,120.0,No,12,10,Yes,7,1 hour,30,30,Yes,Yes,2.0,25.381468541909282
2019/02/08 8:23:35 am GMT-8,BMGT,Male,30,178.0,75.0,3500.0,4500.0,1. Large Corporation,No,2000.0,3. Drive,250.0,80.0,0. Right-handed,77.0,No,10,3,No,7,1,15,0,Yes,Yes,2.0,23.671253629592222
2019/02/08 8:25:02 am GMT-8,BMGT,Gender Apathetic,23,195.0,110.0,5200.0,6000.0,4. Other,Yes,400.0,3. Drive,100.0,50.0,0. Right-handed,85.0,No,12.2,0,Yes,5,2,20,8,No,No,0.5,28.928336620644316
2019/02/08 8:36:24 am GMT-8,BMGT,Male,26,175.0,67.0,0.0,,4. Other,Yes,200.0,3. Drive,100.0,20.0,0. Right-handed,74.0,No,,0,No,7,1,35,0,Yes,No,1.0,21.877551020408163
2019/02/08 8:37:16 am GMT-8,BMGT,Male,23,,,3200.0,5000.0,1. Large Corporation,Yes,400.0,3. Drive,300.0,200.0,0. Right-handed,50.0,Yes,11,10,No,4,5,>25,0,Yes,No,2.0,
2019/02/08 8:38:08 am GMT-8,BMGT,Female,10,170.0,61.0,2400.0,5000.0,2. Small Company,No,0.0,5. Other,,0.0,0. Right-handed,0.0,No,4,0,No,7,10,5,0,No,No,0.0,21.107266435986162
2019/02/08 8:45:15 am GMT-8,BMGT,Female,20,165.0,54.0,2500.0,5000.0,1. Large Corporation,Yes,400.0,2. Public Transport,60.0,150.0,0. Right-handed,50.0,No,,0,No,5,35,15,16,Yes,Yes,1.0,19.834710743801654
2019/02/08 9:14:58 am GMT-8,BMGT,Male,20,180.0,75.0,3800.0,5000.0,1. Large Corporation,Yes,350.0,3. Drive,120.0,350.0,0. Right-handed,105.0,No,,0,No,5,6,28,24,Yes,No,0.5,23.148148148148145
2019/02/08 10:10:53 am GMT-8,BMGT,Female,20,154.0,,0.0,,1. Large Corporation,Yes,50.0,2. Public Transport,50.0,20.0,0. Right-handed,50.0,No,9 inches,0,No,7,15,10,0,Yes,No,1.0,
2019/02/08 10:18:10 am GMT-8,BMGT,Male,19,175.0,63.0,0.0,,1. Large Corporation,Yes,100.0,2. Public Transport,50.0,50.0,0. Right-handed,100.0,No,10,0,No,8,10,5,0,Yes,No,0.0,20.571428571428573
2019/02/08 10:30:28 am GMT-8,BMGT,Female,23,175.0,70.0,3300.0,4000.0,1. Large Corporation,Yes,1500.0,3. Drive,50.0,20.0,0. Right-handed,40.0,No,10.4,0,No,7,5,15,0,Yes,No,0.0,22.857142857142858
2019/02/08 10:33:40 am GMT-8,BMGT,Male,22,178.0,77.0,300.0,5000.0,1. Large Corporation,No,2000.0,2. Public Transport,50.0,50.0,2. Ambidextrous,50.0,No,25,0,No,8,30,4,8,Yes,No,1.0,24.302487059714682
2019/02/08 10:34:23 am GMT-8,BMGT,Male,29,185.0,98.0,0.0,5000.0,2. Small Company,No,2200.0,3. Drive,150.0,130.0,0. Right-handed,70.0,No,,0,No,6,6,5,10,Yes,Yes,1.0,28.634039444850252
2019/02/08 10:37:20 am GMT-8,BMGT,Male,23,176.0,83.0,2500.0,5000.0,3. Non-profit or Government Agency,No,2000.0,3. Drive,,200.0,2. Ambidextrous,120.0,Yes,10.5,0,No,5,12,30,8,Yes,No,2.0,26.794938016528928
2019/02/08 10:38:29 am GMT-8,BMGT,Female,30,158.0,56.0,2600.0,3200.0,2. Small Company,Yes,2000.0,2. Public Transport,40.0,,0. Right-handed,60.0,No,14,4,Yes,6.5,10,14,3,Yes,Yes,0.0,22.432302515622492
2019/02/08 10:40:15 am GMT-8,BMGT,non binary,19,175.0,75.0,2500.0,6000.0,1. Large Corporation,Yes,500.0,2. Public Transport,40.0,100.0,0. Right-handed,100.0,No,10.6,2,Yes,5,3,1,60,Yes,Yes,1.0,24.489795918367346
2019/02/08 10:40:39 am GMT-8,BMGT,Female,24,165.0,52.0,3750.0,5000.0,1. Large Corporation,Yes,200.0,3. Drive,,210.0,0. Right-handed,85.0,No,10.25,0,No,8,3,25,0,Yes,No,0.0,19.100091827364558
2019/02/08 10:42:24 am GMT-8,BMGT,Male,46,,90.0,,5000.0,1. Large Corporation,No,3500.0,2. Public Transport,0.0,,0. Right-handed,,Yes,10.2,3,No,7,0,10,0,Yes,Yes,3.0,
2019/02/08 10:42:25 am GMT-8,BMGT,Female,28,158.0,57.0,2800.0,4000.0,1. Large Corporation,Yes,500.0,2. Public Transport,0.0,100.0,0. Right-handed,75.0,No,9,1,No,7,4,25,0,Yes,Yes,1.0,22.832879346258608
2019/02/08 10:45:55 am GMT-8,BMGT,Male,20,182.0,80.0,0.0,3750.0,2. Small Company,Yes,300.0,3. Drive,100.0,100.0,0. Right-handed,50.0,No,10.35,8,No,6,12,15,0,Yes,No,2.0,24.151672503320853
2019/02/08 10:48:56 am GMT-8,BMGT,Male,24,180.0,81.0,2560.0,3520.0,2. Small Company,No,900.0,2. Public Transport,80.0,400.0,0. Right-handed,80.0,No,10.5,15,Yes,5.5,Too much.,12,10,Yes,No,1.0,25.0
2019/02/08 10:50:48 am GMT-8,BMGT,Female,23,170.0,69.0,2500.0,4500.0,4. Other,Yes,1500.0,3. Drive,200.0,100.0,2. Ambidextrous,90.0,No,9.6875,1,No,6,18,84,6,Yes,Yes,2.0,23.87543252595156
2019/02/08 10:51:40 am GMT-8,BMGT,Male,26,190.0,77.0,3000.0,6200.0,1. Large Corporation,Yes,450.0,3. Drive,160.0,40.0,0. Right-handed,60.0,Yes,11.25,8,No,6,2,7,6.5,Yes,Yes,4.0,21.329639889196677
2019/02/08 10:52:34 am GMT-8,BMGT,Female,19,170.6,70.4,3800.0,4750.0,1. Large Corporation,Yes,1200.0,3. Drive,,100.0,0. Right-handed,0.0,No,9.8,3,Yes,8,3,30,16-24,Yes,Yes,1.0,24.188815696342406
2019/02/08 10:54:38 am GMT-8,BMGT,Male,19,188.0,69.0,2000.0,3500.0,2. Small Company,Yes,0.0,3. Drive,150.0,150.0,0. Right-handed,55.0,No,10.6,4,No,7,10,20,5,Yes,No,1.0,19.52240832956089
2019/02/08 12:16:58 pm GMT-8,BMGT,Female,19,168.0,62.3,0.0,3200.0,1. Large Corporation,No,1100.0,1. Walk,0.0,120.0,0. Right-handed,45.0,Yes,7.5,3,Yes,6,,,0,Yes,Yes,0.0,22.0734126984127
2019/02/08 12:39:22 pm GMT-8,BMGT,Female,26,165.0,48.0,0.0,3000.0,1. Large Corporation,No,800.0,2. Public Transport,100.0,,0. Right-handed,48.0,Yes,idk,it depends,Yes,8,22,60,0,Yes,No,0.0,17.63085399449036
2019/02/11 11:36:09 am GMT-8,HRMG,Female,27,175.0,74.0,3600.0,4500.0,4. Other,No,1200.0,5. Other,10.0,10.0,0. Right-handed,85.0,No,,6,No,8,3,6,0,Yes,No,2.0,24.163265306122447
2019/02/14 8:22:04 pm GMT-8,BMGT,Female,24,162.0,99.0,0.0,5000.0,1. Large Corporation,No,,3. Drive,,,0. Right-handed,,Yes,40,0,No,7,3,5,0,Yes,No,0.0,37.722908093278456
2019/02/22 9:07:22 am GMT-8,BMGT,Male,20,180.0,70.0,2500.0,4500.0,3. Non-profit or Government Agency,Yes,0.0,3. Drive,100.0,100.0,0. Right-handed,80.0,No,10.5,1,No,7,4,12,0,Yes,No,1.0,21.604938271604937
2019/09/09 5:01:07 pm GMT-7,BABI,Female,33,167.0,70.0,4000.0,4000.0,1. Large Corporation,No,2500.0,2. Public Transport,70.0,250.0,0. Right-handed,120.0,Yes,9.68,0,No,7,1,0,40,No,Yes,0.0,25.099501595611173
2019/09/09 7:14:35 pm GMT-7,BABI,Female,26,160.0,50.0,5200.0,5000.0,1. Large Corporation,Yes,1000.0,2. Public Transport,100.0,,0. Right-handed,100.0,No,no idea,20,No,7,15,2,40,Yes,No,0.0,19.531249999999996
2019/09/09 7:14:53 pm GMT-7,BABI,Male,29,180.0,65.0,4500.0,7000.0,1. Large Corporation,Yes,1000.0,3. Drive,,,0. Right-handed,50.0,No,10,0,No,7,5,10,40,Yes,Yes,3.0,20.061728395061728
2019/09/09 7:15:34 pm GMT-7,BABI,Male,22,175.0,59.0,2600.0,3000.0,1. Large Corporation,Yes,150.0,3. Drive,10.0,300.0,0. Right-handed,40.0,No,,3,No,8,21,2,40,Yes,No,3.0,19.26530612244898
2019/09/09 7:15:42 pm GMT-7,BABI,Female,27,166.0,70.0,1600.0,2300.0,3. Non-profit or Government Agency,Yes,200.0,2. Public Transport,60.0,70.0,0. Right-handed,45.0,No,11,0,No,7,10,0,40,Yes,No,3.0,25.402816083611555
2019/09/09 7:15:54 pm GMT-7,BABI,Male,29,171.0,64.0,1600.0,2000.0,3. Non-profit or Government Agency,No,1800.0,2. Public Transport,40.0,100.0,1. Left-handed,72.0,No,,3,Yes,7,5,,50,Yes,No,3.0,21.887076365377382
2019/09/09 7:15:58 pm GMT-7,BABI,Female,25,165.0,60.0,5000.0,5500.0,2. Small Company,No,2000.0,1. Walk,0.0,100.0,0. Right-handed,50.0,No,9 1/4,2,Yes,8,5,0,40,Yes,No,4.0,22.03856749311295
2019/09/09 7:16:01 pm GMT-7,BABI,Male,27,180.0,70.0,0.0,5000.0,2. Small Company,No,1200.0,1. Walk,0.0,,0. Right-handed,90.0,No,,10,No,7,1,10,40,Yes,Yes,0.0,21.604938271604937
2019/09/09 7:16:04 pm GMT-7,BABI,Male,24,175.0,108.0,,4500.0,3. Non-profit or Government Agency,Yes,400.0,2. Public Transport,30.0,50.0,0. Right-handed,55.0,No,"10 3/16""",0,No,5,50,0,35,Yes,Yes,,35.265306122448976
2019/09/09 7:16:10 pm GMT-7,BABI,Male,34,191.0,,8000.0,8000.0,1. Large Corporation,Yes,600.0,3. Drive,50.0,200.0,0. Right-handed,70.0,No,34.5,0,No,8,1,5,37.5,Yes,Yes,1.0,
2019/09/09 7:16:23 pm GMT-7,BABI,Female,26,171.0,60.0,5000.0,6000.0,1. Large Corporation,No,500.0,2. Public Transport,140.0,,0. Right-handed,70.0,No,9.6,10,No,7,5,5,5,Yes,Yes,1.0,20.519134092541297
2019/09/09 7:17:03 pm GMT-7,BABI,Male,28,178.0,86.0,4000.0,5000.0,2. Small Company,No,1200.0,2. Public Transport,40.0,300.0,0. Right-handed,50.0,No,13,5,No,7,7,10,40,Yes,Yes,2.0,27.143037495265748
2019/09/09 7:17:05 pm GMT-7,BABI,Male,40,150.0,70.0,4000.0,8000.0,2. Small Company,No,1800.0,2. Public Transport,100.0,10.0,2. Ambidextrous,40.0,Yes,10,2,Yes,8,2,0,30,Yes,Yes,1.0,31.11111111111111
2019/09/09 7:17:22 pm GMT-7,BABI,Male,32,180.0,86.0,2800.0,5500.0,2. Small Company,No,775.0,2. Public Transport,60.0,30.0,0. Right-handed,65.0,No,11,16,Yes,7,2,0,14,No,Yes,1.0,26.54320987654321
2019/09/09 7:17:41 pm GMT-7,BABI,Male,24,168.0,72.0,4400.0,6000.0,2. Small Company,No,1800.0,2. Public Transport,140.0,,0. Right-handed,64.0,No,10.43,12,No,8,14,14,40,Yes,No,1.5,25.510204081632658
2019/09/09 7:17:48 pm GMT-7,BABI,Female,35,164.0,64.0,,4000.0,3. Non-profit or Government Agency,No,4000.0,3. Drive,65.0,,0. Right-handed,72.0,No,9.6,none,No,7,2,0,35,Yes,Yes,0.5,23.795359904818564
2019/09/09 7:17:55 pm GMT-7,BABI,Female,26,164.0,64.0,3300.0,4000.0,2. Small Company,No,1600.0,2. Public Transport,200.0,400.0,0. Right-handed,60.0,No,9,10,Yes,6,8,4,37.5,No,Yes,2.0,23.795359904818564
2019/09/09 7:18:59 pm GMT-7,BABI,Male,42,178.0,68.0,8000.0,,3. Non-profit or Government Agency,No,,3. Drive,50.0,200.0,0. Right-handed,50.0,No,9,0,No,7,2,2,40,Yes,Yes,2.0,21.461936624163616
2019/09/09 9:01:44 pm GMT-7,BABI,Female,27,155.0,46.0,3038.0,5000.0,1. Large Corporation,No,2500.0,3. Drive,200.0,200.0,0. Right-handed,75.0,No,8.75,1,No,8,10,8,40,Yes,No,1.0,19.14672216441207
2020/08/30 3:50:44 pm GMT-7,BABI,Prefer not to say,90,180.0,70.0,6000.0,7000.0,3. Non-profit or Government Agency,No,1500.0,5. Other,0.0,,0. Right-handed,30.0,No,10,4,No,7.5,7,10,32,Yes,No,2.0,21.604938271604937
2020/09/03 9:52:30 pm GMT-7,BABI,Female,24,150.0,45.0,3000.0,4000.0,1. Large Corporation,Yes,2000.0,3. Drive,250.0,,0. Right-handed,75.0,No,8.7,0,No,7,10,20,40,Yes,Yes,1.0,20.0
2020/09/05 11:38:19 am GMT-7,BABI,Female,30,165.0,60.0,2000.0,4000.0,3. Non-profit or Government Agency,No,500.0,1. Walk,20.0,100.0,0. Right-handed,70.0,No,i don't know,0,No,8,1,10,40,Yes,Yes,1.0,22.03856749311295
2020/09/08 5:46:31 pm GMT-7,BABI,Male,25,183.0,101.0,3000.0,5000.0,1. Large Corporation,Yes,200.0,2. Public Transport,0.0,30.0,0. Right-handed,90.0,No,11,5,Yes,7,10,none right now as i am not in classes,20,No,No,1.0,30.15915673803338
2020/09/11 11:58:11 am GMT-7,BABI,Male,25,181.0,70.0,3200.0,4000.0,2. Small Company,No,1850.0,5. Other,80.0,60.0,0. Right-handed,60.0,Yes,9,1,No,7,8,7,32,Yes,No,2.0,21.36686914318855
2020/09/12 4:04:48 am GMT-7,BABI,Male,23,185.0,90.0,0.0,5000.0,3. Non-profit or Government Agency,Yes,200.0,2. Public Transport,40.0,50.0,0. Right-handed,40.0,No,13,0,Yes,12,10,0,20,Yes,No,0.0,26.296566837107374
2020/09/13 9:07:54 pm GMT-7,BABI,Female,25,161.0,64.0,2900.0,5400.0,1. Large Corporation,Yes,900.0,2. Public Transport,150.0,10.0,0. Right-handed,50.0,No,9.3,0,No,8,10.5,35,0,Yes,Yes,0.0,24.690405462752206
2020/09/14 12:32:14 pm GMT-7,BABI,Male,23,195.0,,0.0,3500.0,2. Small Company,No,1800.0,5. Other,0.0,40.0,0. Right-handed,75.0,No,12.2,2,No,8,1,3,0,Yes,Yes,0.0,
2020/09/14 8:22:31 pm GMT-7,BABI,Male,25,178.0,80.0,0.0,4000.0,2. Small Company,No,900.0,2. Public Transport,145.0,20.0,1. Left-handed,80.0,No,10,2,No,7,10,20,40,Yes,Yes,2.0,25.24933720489837
2020/09/14 8:23:18 pm GMT-7,BABI,Male,24,170.0,83.0,2316.0,5000.0,2. Small Company,Yes,300.0,3. Drive,50.0,200.0,0. Right-handed,,No,10,0,Yes,5,8,40,40,Yes,Yes,3.0,28.719723183391007
2020/09/14 8:25:19 pm GMT-7,BABI,Female,40,165.0,62.0,4000.0,6000.0,1. Large Corporation,No,1500.0,2. Public Transport,90.0,,0. Right-handed,75.0,Yes,9,4,Yes,7,15,0,35,Yes,Yes,1.0,22.77318640955005
2020/09/14 8:26:52 pm GMT-7,BMGT,Male,25,175.0,80.0,2500.0,4000.0,2. Small Company,No,300.0,3. Drive,250.0,100.0,0. Right-handed,50.0,No,12.5,8,No,7,8- to much ,8 +,40,Yes,Yes,4.0,26.122448979591837
2020/09/14 8:27:02 pm GMT-7,BABI,Male,24,187.0,,0.0,,1. Large Corporation,Yes,85.0,3. Drive,20.0,40.0,0. Right-handed,75.0,No,10,0,No,8,4,2,5,Yes,Yes,1.0,
2020/09/14 8:27:31 pm GMT-7,BABI,Female,30,160.0,52.0,3500.0,5000.0,2. Small Company,Yes,300.0,2. Public Transport,150.0,50.0,0. Right-handed,50.0,No,9,0,No,7,7,8,40,Yes,Yes,1.0,20.312499999999996
2020/09/14 8:28:16 pm GMT-7,BABI,Male,26,183.0,86.0,3600.0,4000.0,1. Large Corporation,No,2000.0,5. Other,0.0,200.0,0. Right-handed,60.0,No,8,0,No,8,15,35,40,Yes,Yes,1.0,25.680074054167036
2020/09/14 8:28:48 pm GMT-7,BABI,Male,28,170.0,77.0,4200.0,4200.0,4. Other,No,2400.0,2. Public Transport,40.0,200.0,0. Right-handed,60.0,No,10,7,Yes,8,2,0,8,Yes,No,5.0,26.643598615916957
2020/09/14 8:30:07 pm GMT-7,BABI,Male,27,180.0,77.0,3750.0,4500.0,1. Large Corporation,No,2700.0,3. Drive,40.0,40.0,0. Right-handed,60.0,Yes,9,0,No,7.5,8,12,40,Yes,Yes,1.0,23.76543209876543
2020/09/14 8:31:26 pm GMT-7,BABI,Female,30,180.0,62.0,4500.0,5500.0,1. Large Corporation,No,2000.0,3. Drive,125.0,200.0,0. Right-handed,100.0,No,8,0,No,8,4,5,40,Yes,Yes,0.0,19.1358024691358
2020/09/14 8:31:47 pm GMT-7,BABI,Female,31,162.0,55.0,4000.0,5000.0,1. Large Corporation,No,1500.0,3. Drive,10.0,300.0,0. Right-handed,43.0,No,9.625,1,No,8,8,10,40,Yes,Yes,1.0,20.957171162932475
2020/09/14 8:32:14 pm GMT-7,BABI,Male,25,178.0,73.0,4000.0,5800.0,1. Large Corporation,Yes,400.0,3. Drive,,50.0,0. Right-handed,80.0,No,10,4,No,6,15,0,40,Yes,Yes,1.0,23.04002019946976
2020/09/14 8:35:40 pm GMT-7,BABI,Male,27,179.0,70.0,0.0,4000.0,1. Large Corporation,Yes,1500.0,5. Other,0.0,300.0,0. Right-handed,60.0,No,,10,No,7.5,0,4,12,Yes,No,0.0,21.847008520333322
2020/09/14 8:39:29 pm GMT-7,BABI,Female,33,164.0,54.0,3833.0,5000.0,1. Large Corporation,No,2000.0,2. Public Transport,30.0,100.0,0. Right-handed,60.0,No,8,0,No,8,10,10,40,No,Yes,1.0,20.077334919690664
2020/09/14 9:06:18 pm GMT-7,BMGT,Male,29,178.0,75.0,0.0,,1. Large Corporation,Yes,1800.0,3. Drive,100.0,350.0,0. Right-handed,60.0,No,9,1,No,6.5,40,40,40,Yes,Yes,0.0,23.671253629592222
2020/09/15 11:40:49 am GMT-7,BABI,Female,41,166.0,78.0,4234.0,6500.0,3. Non-profit or Government Agency,No,1805.0,2. Public Transport,134.0,55.0,0. Right-handed,95.0,Yes,9.8,3,No,7,0,6,35.5,Yes,No,1.0,28.305995064595734
2020/09/16 7:02:41 pm GMT-7,BABI,Male,29,165.0,54.0,1800.0,3800.0,2. Small Company,Yes,500.0,2. Public Transport,100.0,60.0,0. Right-handed,33.0,No,10,0,No,7,8,8,32,No,Yes,1.0,19.834710743801654
2020/09/19 9:04:56 pm GMT-7,BABI,Female,35,158.0,65.0,2000.0,5000.0,1. Large Corporation,No,2300.0,2. Public Transport,90.0,200.0,0. Right-handed,45.0,No,6.5,0-1,No,6-8hrs,2,5,24,Yes,No,0.0,26.037493991347535
2020/09/22 1:24:16 pm GMT-7,BABI,Female,33,164.0,54.0,4042.0,4041.0,2. Small Company,No,1000.0,3. Drive,100.0,300.0,0. Right-handed,65.0,No,7.5,0,No,7,10,10,40,Yes,Yes,1.0,20.077334919690664
2020/09/22 7:29:14 pm GMT-7,BABI,Male,25,180.0,79.0,3900.0,4500.0,1. Large Corporation,No,1600.0,3. Drive,80.0,,0. Right-handed,95.0,No,10,8,No,6.75,5,12,45,Yes,Yes,2.0,24.382716049382715
2020/09/23 9:31:22 pm GMT-7,BMGT,Male,24,170.0,73.0,2316.0,5000.0,2. Small Company,Yes,300.0,3. Drive,200.0,300.0,0. Right-handed,,No,10,0,Yes,5,1,40,40,Yes,Yes,4.0,25.25951557093426
2020/09/27 9:01:24 am GMT-7,BABI,Female,35,158.0,65.0,1500.0,3000.0,2. Small Company,No,2000.0,2. Public Transport,100.0,300.0,0. Right-handed,50.0,No,6inches,0-1,No,6-8hrs,2-3hours,4-5hours,24hours,Yes,Yes,0.0,26.037493991347535
2020/09/28 10:46:56 am GMT-7,BABI,Male,40,183.0,86.0,6000.0,6500.0,1. Large Corporation,No,3500.0,3. Drive,200.0,300.0,0. Right-handed,75.0,No,10,0,No,6,1,25,20,Yes,Yes,1.0,25.680074054167036
2021/09/07 7:48:18 pm GMT-7,BABI,Male,22,178.0,75.0,5500.0,7000.0,1. Large Corporation,No,2000.0,2. Public Transport,0.0,400.0,0. Right-handed,67.0,No,10,1,No,7.5,8,3,40,No,Yes,2.0,23.671253629592222
2021/09/08 1:06:36 pm GMT-7,BABI,Female,48,155.0,48.0,2950.0,5000.0,2. Small Company,No,1200.0,3. Drive,100.0,100.0,0. Right-handed,75.0,No,9.4,3,No,7,0,Not sure yet!,30-37.5,Yes,Yes,1.0,19.979188345473464
2021/09/08 8:55:52 pm GMT-7,BABI,Male,26,181.0,96.0,4800.0,5500.0,3. Non-profit or Government Agency,Yes,200.0,3. Drive,200.0,50.0,1. Left-handed,55.0,No,11,5,Yes,7,9,5,37.5,Yes,Yes,1.5,29.303134824944294
2021/09/09 3:31:49 pm GMT-7,BABI,Female,34,150.0,64.0,0.0,3000.0,2. Small Company,No,2500.0,2. Public Transport,175.0,60.0,0. Right-handed,50.0,No,5 and 1/2,0,No,8 hours,10 minutes,3 hours,0,Yes,No,1.0,28.444444444444443
2021/09/09 6:30:34 pm GMT-7,BABI,Male,24,172.0,,4300.0,6000.0,1. Large Corporation,Yes,1400.0,3. Drive,50.0,20.0,0. Right-handed,30.0,No,10,1,No,6,8,6,45,Yes,Yes,1.0,
2021/09/09 6:36:23 pm GMT-7,BABI,Male,28,175.0,,0.0,8000.0,3. Non-profit or Government Agency,Yes,1200.0,2. Public Transport,0.0,0.0,0. Right-handed,100.0,No,unknown,0,No,7,10,12,0,Yes,No,2.0,
2021/09/09 7:55:05 pm GMT-7,BABI,Male,27,181.0,80.0,5000.0,7000.0,2. Small Company,No,2500.0,2. Public Transport,35.0,25.0,0. Right-handed,110.0,No,11,3,No,9,10,5,37,Yes,Yes,0.0,24.41927902078691
2021/09/11 12:23:18 pm GMT-7,BABI,Male,28,168.0,67.0,0.0,6666.0,1. Large Corporation,No,2500.0,3. Drive,100.0,10.0,2. Ambidextrous,60.0,No,9.5,2,No,6,6,4,45,Yes,Yes,2.0,23.738662131519277
2021/09/11 7:33:08 pm GMT-7,BABI,Female,34,152.0,47.0,4600.0,5400.0,3. Non-profit or Government Agency,Yes,400.0,2. Public Transport,20.0,20.0,0. Right-handed,50.0,No,8.75,0,No,6,0.5,25,40,Yes,Yes,1.0,20.342797783933516
2021/09/13 2:42:47 pm GMT-7,BABI,Female,29,163.0,50.0,3500.0,4000.0,1. Large Corporation,No,2000.0,3. Drive,70.0,400.0,0. Right-handed,35.0,No,8.75,none,No,8,5,8,40,Yes,Yes,1.0,18.818924310286427
2021/09/14 6:52:17 am GMT-7,BABI,Female,27,170.0,65.0,4300.0,5300.0,2. Small Company,No,1200.0,2. Public Transport,20.0,200.0,0. Right-handed,60.0,No,10,2,Yes,7,7,3,40,Yes,No,2.0,22.49134948096886
2021/09/14 10:06:57 am GMT-7,BABI,Female,36,167.0,57.0,7000.0,,1. Large Corporation,No,3000.0,3. Drive,100.0,200.0,0. Right-handed,90.0,No,9,3,No,7.5,15,10,40,Yes,Yes,1.0,20.43816558499767
2021/09/14 4:54:38 pm GMT-7,BABI,Female,32,180.0,54.0,3400.0,4000.0,3. Non-profit or Government Agency,No,1200.0,3. Drive,60.0,40.0,0. Right-handed,75.0,Yes,6,5,Yes,7,1,8,35,Yes,No,1.0,16.666666666666664
2021/09/14 9:15:48 pm GMT-7,BABI,Female,23,165.0,50.0,1000.0,5000.0,4. Other,No,500.0,1. Walk,20.0,50.0,0. Right-handed,50.0,No,5,1,No,9,20,5,40,Yes,No,1.0,18.36547291092746
2021/09/16 1:54:34 am GMT-7,BABI,Male,25,173.0,66.0,4600.0,6600.0,1. Large Corporation,No,1300.0,3. Drive,70.0,150.0,0. Right-handed,45.0,No,8.5,0,No,8,3,20,40,Yes,Yes,1.0,22.052190183434128
2021/09/16 4:31:13 pm GMT-7,BABI,Male,22,182.0,75.0,,,2. Small Company,No,4000.0,3. Drive,200.0,,0. Right-handed,102.0,No,10.3,3,No,7,20,4,54,Yes,Yes,3.0,22.6421929718633
2021/09/16 5:36:50 pm GMT-7,BABI,Male,31,195.58,,5000.0,6500.0,1. Large Corporation,No,2500.0,2. Public Transport,22.0,100.0,0. Right-handed,90.0,No,14,3,No,7,21,14,40,Yes,Yes,1.0,
2021/09/16 7:55:58 pm GMT-7,BABI,Female,30,163.0,61.0,2800.0,5000.0,1. Large Corporation,No,1000.0,2. Public Transport,30.0,200.0,0. Right-handed,51.0,No,9.5,0,Yes,7,8,15,40,Yes,Yes,1.0,22.95908765854944
2022/01/07 1:55:59 pm GMT-8,BITMAN,Male,23,180.4,86.18,3800.0,4000.0,2. Small Company,Yes,200.0,3. Drive,250.0,200.0,0. Right-handed,50.0,No,132,2,No,8,2,2,Part-time,No,No,0.0,26.480941588291113
2022/01/09 10:12:56 pm GMT-8,ITMG,Prefer not to say,36,170.0,70.0,4500.0,5800.0,3. Non-profit or Government Agency,No,3000.0,5. Other,50.0,100.0,0. Right-handed,55.0,No,,7,No,8,15,14,5,Yes,Yes,2.0,24.221453287197235
2022/01/17 9:14:32 pm GMT-8,ITMG,Male,21,188.0,100.0,2200.0,4000.0,1. Large Corporation,Yes,800.0,3. Drive,150.0,200.0,0. Right-handed,80.0,No,11,2,Yes,8,6,20,20,Yes,No,0.0,28.293345405160707
2022/08/31 10:58:48 pm GMT-7,BABI,Female,25,166.0,65.0,2400.0,4000.0,1. Large Corporation,No,2000.0,2. Public Transport,30.0,100.0,0. Right-handed,75.0,No,9,0,No,7,7,7,37.5,Yes,Yes,1.0,23.588329220496444
2022/09/06 1:06:05 pm GMT-7,BABI,Male,26,,75.0,3300.0,5000.0,1. Large Corporation,No,800.0,3. Drive,100.0,100.0,0. Right-handed,45.0,No,8,0,No,7 hours,30 hours,28,16,Yes,No,1.0,
2022/09/07 1:31:18 pm GMT-7,BABI,Male,43,175.0,78.0,2950.0,5000.0,4. Other,No,2000.0,3. Drive,100.0,400.0,0. Right-handed,63.0,No,9.5,3,No,8,2,4 for reading,45,Yes,Yes,1.0,25.46938775510204
2022/09/07 6:13:32 pm GMT-7,BABI,Male,28,180.0,,4000.0,5000.0,1. Large Corporation,Yes,800.0,2. Public Transport,50.0,60.0,0. Right-handed,90.0,No,10,0,No,6,0.5,6,40,Yes,Yes,0.0,
2022/09/08 12:41:04 pm GMT-7,BABI,Male,47,178.0,75.0,5000.0,7000.0,3. Non-profit or Government Agency,No,4000.0,3. Drive,100.0,200.0,0. Right-handed,45.0,No,10,2,No,6,1,10,40,Yes,Yes,2.0,23.671253629592222
2022/09/08 1:57:13 pm GMT-7,BABI,Male,30,170.0,64.0,2950.0,5000.0,2. Small Company,No,1000.0,2. Public Transport,50.0,,0. Right-handed,50.0,No,9,0,No,5,35,35,37.5,Yes,Yes,0.0,22.145328719723185
2022/09/08 7:33:55 pm GMT-7,BABI,Female,29,170.0,58.0,3400.0,4000.0,1. Large Corporation,No,3000.0,2. Public Transport,50.0,100.0,0. Right-handed,100.0,No,10,8,Yes,7,8,20,10,Yes,No,2.0,20.06920415224914
2022/09/08 10:53:12 pm GMT-7,BABI,Female,30,157.0,68.0,1400.0,3000.0,1. Large Corporation,No,400.0,2. Public Transport,16.0,20.0,0. Right-handed,64.0,No,9.6,2,No,8,2,1,0,Yes,No,2.0,27.587326057852245
2022/09/09 9:39:32 am GMT-7,BABI,Female,37,172.72,56.36,4000.0,5000.0,1. Large Corporation,No,4000.0,2. Public Transport,50.0,20.0,0. Right-handed,55.0,No,9.25,3,No,6,3,3,40,Yes,Yes,1.0,18.892338822739926
2022/09/09 11:05:11 am GMT-7,BABI,Female,33,147.0,43.0,2950.0,8000.0,1. Large Corporation,No,2000.0,2. Public Transport,60.0,300.0,1. Left-handed,55.0,No,9,2,Yes,7,10+,5+,40+,Yes,No,1.0,19.899116109028647
2022/09/09 4:19:38 pm GMT-7,BABI,Female,38,157.0,44.0,6000.0,7000.0,3. Non-profit or Government Agency,No,2500.0,2. Public Transport,100.0,200.0,0. Right-handed,65.0,No,,0,No,6,7,10,40,Yes,Yes,2.0,17.85062274331616
2022/09/10 4:58:17 pm GMT-7,BABI,Male,25,175.0,77.0,5833.0,8600.0,2. Small Company,No,2700.0,2. Public Transport,15.0,200.0,0. Right-handed,47.0,No,10.5,2,Yes,7,7,10,50,Yes,Yes,1.0,25.142857142857142
2022/09/10 11:59:29 pm GMT-7,BABI,Female,26,162.0,68.0,1200.0,3750.0,2. Small Company,Yes,0.0,3. Drive,50.0,30.0,0. Right-handed,82.0,No,9.5,0,No,6,49,30,20,Yes,No,0.0,25.910684346898332
2022/09/11 6:29:33 pm GMT-7,BABI,Male,25,164.0,47.0,0.0,5500.0,2. Small Company,Yes,150.0,2. Public Transport,50.0,100.0,0. Right-handed,35.0,No,9.4,0,No,7,10,5,28,Yes,No,0.0,17.474717430101133
2022/09/11 7:56:29 pm GMT-7,BABI,Female,26,163.0,70.0,4300.0,5000.0,3. Non-profit or Government Agency,No,2400.0,2. Public Transport,30.0,150.0,1. Left-handed,62.0,No,9,1,Yes,7,4,10,45,Yes,No,0.0,26.346494034400994
2022/09/11 9:01:55 pm GMT-7,BABI,Male,32,168.0,74.0,4000.0,6500.0,1. Large Corporation,No,1200.0,2. Public Transport,40.0,350.0,0. Right-handed,40.0,No,9.5 inches,0,No,8,2,2,40,Yes,Yes,0.0,26.218820861678008
2022/09/12 9:17:49 am GMT-7,BABI,Male,63,170.0,70.0,2500.0,5000.0,1. Large Corporation,No,3500.0,2. Public Transport,100.0,100.0,0. Right-handed,10.0,Yes,10,0,No,5,0,10,40,Yes,Yes,1.0,24.221453287197235
2022/09/12 7:45:58 pm GMT-7,BABI,Male,27,180.0,87.0,4000.0,5000.0,1. Large Corporation,No,650.0,2. Public Transport,50.0,50.0,0. Right-handed,86.0,No,11,0,No,8,10,20,40,Yes,Yes,2.0,26.85185185185185
2022/09/13 7:23:09 pm GMT-7,BABI,Female,29,157.0,75.0,4410.0,5940.0,1. Large Corporation,No,2355.0,2. Public Transport,60.0,,0. Right-handed,50.0,No,8.5 shoe size,0,No,7,1,16 - 20 (I think),35,Yes,No,1.0,30.427197857925268
2022/09/14 8:42:12 pm GMT-7,BABI,Female,26,161.0,55.0,3100.0,,1. Large Corporation,No,1200.0,2. Public Transport,60.0,50.0,0. Right-handed,65.0,No,9,1,No,Too much,Too much,4-6,0,Yes,Yes,2.0,21.218317194552675
2022/09/14 9:11:02 pm GMT-7,BABI,Male,23,174.0,59.0,0.0,,1. Large Corporation,Yes,500.0,2. Public Transport,0.0,20.0,0. Right-handed,55.0,No,9.88,0,No,5,9,15,25,Yes,Yes,1.0,19.487382745408905
2022/09/15 5:21:39 pm GMT-7,BABI,Male,30,170.0,68.0,3500.0,6000.0,4. Other,No,1700.0,3. Drive,20.0,120.0,0. Right-handed,45.0,No,10,0,No,6,30,5,40,Yes,Yes,0.0,23.529411764705884
2023/01/16 11:00:45 am GMT-8,ITMG,Male,25,170.0,81.0,1200.0,6000.0,1. Large Corporation,No,2000.0,3. Drive,,,0. Right-handed,15.0,Yes,10,1,No,5,15,7,26,Yes,Yes,1.0,28.027681660899656
2023/01/16 9:57:12 pm GMT-8,ITMG,Male,28,178.0,82.0,2880.0,4000.0,2. Small Company,No,1000.0,2. Public Transport,40.0,100.0,0. Right-handed,36.0,No,10,0,No,7,4,5,20,Yes,Yes,0.0,25.88057063502083
2023/01/23 10:30:38 pm GMT-8,ITMG,Male,26,181.0,83.0,2600.0,4000.0,1. Large Corporation,No,1500.0,1. Walk,0.0,,0. Right-handed,55.0,Yes,,10,No,6.5,7,16,20,Yes,Yes,1.0,25.33500198406642
2023/03/08 8:36:17 pm GMT-8,ITMG,Female,28,158.0,49.0,3000.0,6500.0,1. Large Corporation,No,3700.0,2. Public Transport,0.0,,2. Ambidextrous,45.0,No,91,15,No,9,1,20,15,Yes,No,2.0,19.62826470116968
2023/09/07 12:59:17 pm GMT-7,BABI,Male,34,185.0,81.0,5000.0,6000.0,1. Large Corporation,No,1200.0,3. Drive,50.0,200.0,0. Right-handed,60.0,No,11,2,No,6,5,10,0,Yes,Yes,2.0,23.66691015339664
2023/09/08 3:09:23 pm GMT-7,BABI,Female,26,163.0,58.0,6000.0,8000.0,1. Large Corporation,No,3000.0,2. Public Transport,30.0,,0. Right-handed,50.0,No,9,0,No,7,3,12,40,Yes,Yes,1.0,21.829952199932254
2023/09/08 5:44:58 pm GMT-7,BABI,Female,26,168.0,52.0,2000.0,4000.0,1. Large Corporation,No,2000.0,2. Public Transport,50.0,200.0,0. Right-handed,47.0,No,9,none,No,8hr,5.5hr,10hr,none,Yes,Yes,1.0,18.42403628117914
2023/09/09 6:22:47 pm GMT-7,BABI,Female,27,154.0,60.0,4000.0,6000.0,1. Large Corporation,Yes,300.0,2. Public Transport,50.0,100.0,0. Right-handed,50.0,No,9,0,No,6,15,10,40,Yes,Yes,0.0,25.2993759487266
2023/09/10 3:03:39 pm GMT-7,BABI,Male,32,176.0,,2950.0,6200.0,1. Large Corporation,No,1600.0,3. Drive,150.0,250.0,0. Right-handed,63.0,No,10.83,5,Yes,7,8,5,37,Yes,Yes,2.0,
2023/09/11 9:58:25 pm GMT-7,BABI,Female,24,153.0,52.0,4000.0,5000.0,2. Small Company,Yes,1600.0,2. Public Transport,80.0,50.0,0. Right-handed,50.0,No,9,,No,7,10,10,50,Yes,Yes,1.0,22.21367849972233
2023/09/14 2:12:27 pm GMT-7,BABI,Female,35,165.0,53.0,6500.0,,1. Large Corporation,No,3000.0,2. Public Transport,100.0,300.0,1. Left-handed,80.0,No,9.5,1,No,7,10,15,40,Yes,Yes,2.0,19.467401285583104
2023/09/14 3:01:49 pm GMT-7,BABI,Male,36,179.0,70.0,6000.0,6500.0,3. Non-profit or Government Agency,No,3000.0,5. Other,50.0,100.0,0. Right-handed,50.0,No,12,0,No,8,1,10,20,Yes,Yes,0.0,21.847008520333322
2023/09/14 8:05:03 pm GMT-7,BABI,Male,23,175.0,63.0,4500.0,5000.0,1. Large Corporation,Yes,2500.0,3. Drive,200.0,300.0,0. Right-handed,50.0,No,10 inches,0,No,8,10,12,0,Yes,No,0.0,20.571428571428573
2023/09/17 10:11:22 am GMT-7,BABI,Male,26,180.0,94.0,0.0,4500.0,2. Small Company,No,300.0,2. Public Transport,20.0,20.0,0. Right-handed,40.0,Yes,9.5,1,Yes,8,35,7,12,No,Yes,2.0,29.012345679012345
2023/09/17 2:18:42 pm GMT-7,BABI,Female,36,165.0,65.0,1000.0,,1. Large Corporation,No,1400.0,2. Public Transport,0.0,0.0,1. Left-handed,50.0,No,9.8,0,No,8,2,4,0,Yes,Yes,2.0,23.875114784205696
2023/09/21 5:22:08 pm GMT-7,BABI,Male,34,174.0,75.0,,8000.0,2. Small Company,No,,2. Public Transport,40.0,,0. Right-handed,100.0,No,9.68,1,No,6,2,18,10,Yes,Yes,1.0,24.772096710265558
2023/10/16 11:51:36 pm GMT-7,BABI,Male,28,180.0,91.0,4500.0,7000.0,1. Large Corporation,No,2000.0,2. Public Transport,100.0,200.0,0. Right-handed,70.0,No,11.61,1,No,8,30,15,40,No,Yes,0.0,28.086419753086417
2024/01/09 4:52:33 pm GMT-8,ITMG,Shakespearian Cat  ,15,167.0,60.0,0.0,5000.0,1. Large Corporation,Yes,800.0,1. Walk,0.0,100.0,2. Ambidextrous,100.0,No,7,2,Yes,9,5,2.5,2,No,No,5.0,21.513858510523864
2024/01/11 8:48:31 pm GMT-8,BMGT,Male,27,175.0,70.0,4500.0,5000.0,2. Small Company,Yes,2500.0,3. Drive,300.0,100.0,0. Right-handed,66.0,No,9'11,0,No,6,10,7,0,Yes,Yes,1.0,22.857142857142858
2024/01/13 12:10:41 pm GMT-8,ITMG,Female,27,153.0,48.0,2000.0,4000.0,3. Non-profit or Government Agency,No,1300.0,2. Public Transport,0.0,150.0,0. Right-handed,60.0,No,9,0,No,7,20,40,20,Yes,No,1.0,20.504933999743688
2024/01/13 7:51:40 pm GMT-8,ITMG,Male,26,170.0,70.0,2950.0,5000.0,,,1200.0,,60.0,100.0,,25.0,No,10,0,No,5,2,50,0,Yes,Yes,0.0,24.221453287197235
2024/09/07 2:41:11 pm GMT-7,BABI,Male,23,185.0,81.0,3500.0,5500.0,1. Large Corporation,Yes,800.0,2. Public Transport,46.0,200.0,0. Right-handed,45.0,No,10.5,0,No,9,15,20,20,Yes,Yes,1.0,23.66691015339664
2024/09/07 3:32:24 pm GMT-7,BABI,Male,35,,68.0,3000.0,6000.0,3. Non-profit or Government Agency,No,1600.0,1. Walk,0.0,110.0,0. Right-handed,70.0,No,15,2,No,7,10,10,0,Yes,Yes,0.0,
2024/09/07 3:58:21 pm GMT-7,BABI,Male,28,171.0,72.0,3600.0,4000.0,3. Non-profit or Government Agency,Yes,800.0,2. Public Transport,270.0,100.0,0. Right-handed,40.0,No,10.4,1,Yes,6.5,5 ,12,37.5,Yes,Yes,0.0,24.622960911049557
2024/09/07 8:59:29 pm GMT-7,BABI,Female,35,167.0,77.0,0.0,5000.0,3. Non-profit or Government Agency,No,,2. Public Transport,60.0,80.0,0. Right-handed,,No,9,0,No,6,4,14,0,Yes,No,0.0,27.60945175517229
2024/09/08 3:03:26 pm GMT-7,BABI,Male,24,174.0,65.0,5500.0,6300.0,1. Large Corporation,No,2500.0,2. Public Transport,50.0,200.0,0. Right-handed,78.0,No,10,1,No,7,20,10,40,Yes,Yes,1.0,21.469150482230148
2024/09/08 3:35:34 pm GMT-7,BABI,Male,54,165.0,88.0,,8000.0,3. Non-profit or Government Agency,Yes,2000.0,3. Drive,20.0,250.0,0. Right-handed,90.0,No,10,0,No,6,1,5,40,Yes,No,2.0,32.323232323232325
2024/09/08 7:43:49 pm GMT-7,BABI,Female,25,168.0,68.0,5000.0,5500.0,2. Small Company,Yes,2000.0,3. Drive,120.0,70.0,0. Right-handed,65.0,No,9,0,No,7.5,7,6,37,Yes,No,2.0,24.092970521541954
2024/09/09 3:20:17 pm GMT-7,BABI,Male,35,178.0,82.0,5700.0,6500.0,3. Non-profit or Government Agency,No,2000.0,2. Public Transport,100.0,,0. Right-handed,100.0,No,10.6,2,No,7,1.5,20,25,Yes,No,1.0,25.88057063502083
2024/09/09 10:28:51 pm GMT-7,BABI,Male,33,178.0,80.0,5600.0,7000.0,1. Large Corporation,Yes,1500.0,2. Public Transport,40.0,100.0,0. Right-handed,45.0,No,10,1,No,6,20,7,40,Yes,Yes,0.0,25.24933720489837
2024/09/10 8:09:11 am GMT-7,BABI,Female,46,168.0,55.0,7200.0,6000.0,1. Large Corporation,No,1500.0,5. Other,80.0,300.0,1. Left-handed,63.0,No,9.5,3,No,8,1,6,18,Yes,Yes,3.0,19.48696145124717
2024/09/11 4:21:54 pm GMT-7,BABI,Female,28,165.0,47.0,4200.0,6000.0,1. Large Corporation,No,1200.0,2. Public Transport,60.0,90.0,0. Right-handed,40.0,No,10,0,Yes,6,20,20,0,Yes,Yes,0.0,17.263544536271812
2024/09/11 6:51:37 pm GMT-7,BABI,Male,25,178.0,80.0,4000.0,5000.0,1. Large Corporation,No,2500.0,2. Public Transport,60.0,50.0,0. Right-handed,42.0,No,,0,No,7,12,20,0,Yes,No,1.0,25.24933720489837
2024/09/14 5:20:17 pm GMT-7,BABI,Male,23,182.0,79.0,0.0,2500.0,3. Non-profit or Government Agency,Yes,1000.0,3. Drive,50.0,100.0,0. Right-handed,45.0,No,10.24,0,No,7.5,3,12,0,Yes,No,1.0,23.849776597029344
2024/09/15 8:11:26 am GMT-7,BABI,Female,27,180.0,68.0,0.0,,3. Non-profit or Government Agency,No,1200.0,2. Public Transport,8.0,9.0,0. Right-handed,1.0,No,5,0,No,7,3,9,0,Yes,Yes,1.0,20.98765432098765
2025/01/07 1:06:40 pm GMT-8,,Female,21,168.0,70.0,0.0,5000.0,3. Non-profit or Government Agency,No,1000.0,2. Public Transport,0.0,50.0,0. Right-handed,45.0,No,10 inches,0,No,6,12,20,24,Yes,No,1.0,24.801587301587304
2025/01/07 1:43:48 pm GMT-8,ITMG,Male,25,180.0,80.0,3500.0,5000.0,1. Large Corporation,No,1500.0,1. Walk,0.0,10.0,0. Right-handed,50.0,No,10,0,No,6,1,10,1,Yes,Yes,1.5,24.691358024691358
2025/01/07 1:44:24 pm GMT-8,ITMG,Male,33,170.0,72.0,3000.0,5000.0,1. Large Corporation,No,,3. Drive,150.0,100.0,0. Right-handed,40.0,No,,1 bottle of whiskey ,No,6,7,20,6,Yes,Yes,3.0,24.913494809688583
2025/01/07 1:50:36 pm GMT-8,ITMG,Female,41,157.48,69.0,6200.0,6500.0,3. Non-profit or Government Agency,No,3630.0,2. Public Transport,250.0,250.0,0. Right-handed,68.0,No,9.5,0,No,6,15,35,20,Yes,Yes,2.0,27.822636290433874
2025/01/07 2:18:24 pm GMT-8,ITMG,Male,28,175.0,73.0,,,1. Large Corporation,No,300.0,3. Drive,55.0,100.0,1. Left-handed,55.0,No,10.5,1,Yes,6,7,8,12,Yes,Yes,1.0,23.836734693877553
2025/01/07 2:38:37 pm GMT-8,ITMG,Male,22,171.0,67.0,,6000.0,4. Other,No,1500.0,2. Public Transport,0.0,150.0,0. Right-handed,40.0,No,26,0,No,6-7,5,10,0,Yes,Yes,1.0,22.91303307000445
2025/01/09 11:12:12 am GMT-8,BMGT,Female,27,168.0,68.0,1400.0,4000.0,1. Large Corporation,No,1200.0,2. Public Transport,150.0,10.0,0. Right-handed,30.0,No,9.5,1,No,5,2,10,15,Yes,No,1.0,24.092970521541954
2025/01/09 5:36:09 pm GMT-8,BABI,Male,28,180.0,78.0,0.0,4000.0,1. Large Corporation,No,1200.0,2. Public Transport,50.0,200.0,0. Right-handed,60.0,No,,2,No,7,10,10,20,Yes,No,1.0,24.074074074074073
2025/01/09 5:36:20 pm GMT-8,BABI,Female,28,158.0,66.0,0.0,5000.0,3. Non-profit or Government Agency,No,1200.0,2. Public Transport,8.0,40.0,0. Right-handed,40.0,No,,0,No,8,3,18,0,Yes,Yes,0.0,26.43807082198365
2025/01/09 5:36:25 pm GMT-8,BABI,Female,35,167.0,77.0,0.0,5000.0,3. Non-profit or Government Agency,No,,2. Public Transport,100.0,400.0,0. Right-handed,,No,9,0,No,6,14,28,0,Yes,Yes,0.0,27.60945175517229
2025/01/09 5:36:31 pm GMT-8,BABI,Female,28,165.0,47.0,2950.0,2000.0,1. Large Corporation,No,1200.0,2. Public Transport,0.0,80.0,0. Right-handed,34.0,No,9.5,0,Yes,6.5,14,14,0,Yes,No,0.0,17.263544536271812
2025/01/09 5:36:37 pm GMT-8,BABI,Female,26,152.4,110.0,0.0,4000.0,1. Large Corporation,Yes,100.0,2. Public Transport,0.0,50.0,,60.0,No,15.24,0,No,6,6,5,12,Yes,No,0.0,47.361205833522774
2025/01/09 5:36:48 pm GMT-8,BABI,Male,35,,68.0,6000.0,5000.0,3. Non-profit or Government Agency,No,2000.0,1. Walk,40.0,60.0,0. Right-handed,70.0,No,10,1,Yes,8,10,10,0,Yes,Yes,1.0,
2025/01/09 5:36:58 pm GMT-8,BABI,Female,26,,70.3,4800.0,5800.0,2. Small Company,Yes,1800.0,3. Drive,200.0,400.0,0. Right-handed,70.0,No,6,0,No,8,12,8,37.5,Yes,No,2.0,
2025/01/09 5:36:58 pm GMT-8,BABI,,25,178.0,78.0,0.0,3500.0,1. Large Corporation,No,1000.0,2. Public Transport,35.0,50.0,0. Right-handed,40.0,No,,0,No,7,12,25,15,Yes,No,1.0,24.61810377477591
2025/01/09 5:37:02 pm GMT-8,BABI,Male,23,179.0,71.0,0.0,4200.0,2. Small Company,Yes,0.0,2. Public Transport,20.0,0.0,1. Left-handed,0.0,No,11,0,No,6.5,35,16,0,Yes,No,0.0,22.15910864205237
2025/01/09 5:37:16 pm GMT-8,BABI,Female,28,165.0,61.0,2950.0,5000.0,3. Non-profit or Government Agency,Yes,200.0,2. Public Transport,60.0,0.0,0. Right-handed,30.0,No,No idea,0,No,6,0,2,30,Yes,Yes,0.0,22.4058769513315
2025/01/09 5:37:27 pm GMT-8,BABI,Male,36,178.0,82.0,5700.0,6500.0,3. Non-profit or Government Agency,No,2000.0,2. Public Transport,200.0,200.0,0. Right-handed,80.0,No,10,2,No,8,4,15,20,Yes,Yes,2.0,25.88057063502083
2025/01/09 5:37:43 pm GMT-8,BABI,Male,32,173.0,93.0,4400.0,7400.0,3. Non-profit or Government Agency,No,3200.0,3. Drive,80.0,400.0,0. Right-handed,90.0,Yes,10,4,No,6,12,4,40,Yes,Yes,2.0,31.073540713020815
2025/01/09 5:38:01 pm GMT-8,BABI,Male,29,171.0,73.0,3600.0,5000.0,1. Large Corporation,Yes,500.0,2. Public Transport,200.0,100.0,0. Right-handed,40.0,No,9,0,Yes,6,5,8,37.5,Yes,Yes,0.5,24.96494647925858
2025/01/09 5:38:40 pm GMT-8,BABI,Female,21,178.0,70.0,3000.0,5000.0,1. Large Corporation,No,2500.0,3. Drive,100.0,100.0,2. Ambidextrous,100.0,No,12,8,No,7,10,8,0,Yes,Yes,3.0,22.093170054286073
2025/01/09 5:38:52 pm GMT-8,GCBA,Male,33,179.0,85.0,0.0,6500.0,3. Non-profit or Government Agency,Yes,1200.0,2. Public Transport,40.0,200.0,0. Right-handed,35.0,No,9,0,No,6,25,8,0,Yes,Yes,0.0,26.528510346119035
2025/01/09 5:38:57 pm GMT-8,BABI,Male,24,172.0,53.0,5500.0,5500.0,1. Large Corporation,No,3000.0,2. Public Transport,40.0,250.0,0. Right-handed,78.0,No,10.3,1,No,7,30,15,40,Yes,Yes,1.0,17.915089237425637
2025/01/09 5:38:59 pm GMT-8,BABI,Male,24,187.0,81.0,2500.0,5000.0,1. Large Corporation,No,1500.0,2. Public Transport,50.0,200.0,0. Right-handed,40.0,No,11,0,No,10,10,15,30,Yes,Yes,1.0,23.163373273470786
2025/01/09 5:39:12 pm GMT-8,BABI,Male,30,175.0,65.0,5000.0,6000.0,1. Large Corporation,No,2000.0,2. Public Transport,45.0,100.0,0. Right-handed,30.0,No,10,0,No,8,10,15,40,Yes,Yes,2.0,21.224489795918366
2025/01/09 5:40:13 pm GMT-8,BABI,Male,33,167.0,64.0,3000.0,4500.0,2. Small Company,No,1500.0,2. Public Transport,60.0,50.0,0. Right-handed,115.0,No,9.5,4,No,7,25,20,38,Yes,Yes,1.0,22.948115744558788
2025/01/09 5:40:31 pm GMT-8,BABI,Male,23,182.0,79.0,0.0,2000.0,3. Non-profit or Government Agency,No,1000.0,3. Drive,150.0,100.0,0. Right-handed,45.0,No,11,0,No,7,10,14,0,Yes,No,1.0,23.849776597029344
2025/01/09 5:41:38 pm GMT-8,BABI,Female,47,165.0,54.0,0.0,6700.0,4. Other,No,3000.0,2. Public Transport,200.0,,1. Left-handed,63.0,No,9.5,6,No,8,1,16,20,Yes,Yes,3.0,19.834710743801654
2025/01/09 5:44:20 pm GMT-8,BABI,Male,57,164.0,65.0,,6000.0,2. Small Company,No,,5. Other,40.0,50.0,0. Right-handed,65.0,No,8,1,No,8,1,30,0,Yes,Yes,0.0,24.167162403331353
2025/01/09 7:37:17 pm GMT-8,BABI,Male,57,164.0,65.0,,6000.0,2. Small Company,No,,5. Other,40.0,20.0,0. Right-handed,65.0,No,8,1,No,8,1,30,0,Yes,Yes,0.0,24.167162403331353
2025/01/10 9:04:37 pm GMT-8,ITMG,Male,59,170.0,80.0,3500.0,6500.0,1. Large Corporation,No,,2. Public Transport,50.0,150.0,0. Right-handed,80.0,No,10,0,No,6,0,20,0,Yes,Yes,2.0,27.68166089965398
2025/01/12 6:33:45 pm GMT-8,ITMG (RETAKING COURSES FOR GRADUATION),Male,22,167.0,70.0,0.0,5000.0,2. Small Company,Yes,1200.0,2. Public Transport,60.0,100.0,1. Left-handed,60.0,No,,0,No,7,,,,Yes,No,0.0,25.099501595611173
2025/01/14 8:44:06 am GMT-8,BABI,Prefer not to say,26,175.0,80.0,2950.0,5300.0,1. Large Corporation,No,3000.0,2. Public Transport,,10.0,0. Right-handed,35.0,No,9.4,0,No,10,10,84,44,Yes,Yes,0.0,26.122448979591837
2025/01/16 2:34:47 pm GMT-8,MTKG,Female,26,152.4,54.54,3100.0,3300.0,3. Non-profit or Government Agency,No,1200.0,3. Drive,300.0,10.0,0. Right-handed,30.0,No,9,4,No,6.5,10,10,6,Yes,Yes,2.0,23.482546965093928
2025/01/16 2:38:44 pm GMT-8,MKTG,Male,25,177.0,68.0,2950.0,5000.0,1. Large Corporation,Yes,1200.0,3. Drive,300.0,,0. Right-handed,50.0,Yes,10.2,5-7,No,6,6,8,24-28,Yes,Yes,1.0,21.705129432793896
2025/01/16 2:44:32 pm GMT-8,MKTG,Female,21,165.0,50.0,,3000.0,2. Small Company,No,2200.0,2. Public Transport,0.0,300.0,0. Right-handed,80.0,No,9,2,No,7,20,30,0,Yes,No,0.0,18.36547291092746
2025/01/16 2:45:57 pm GMT-8,MKTG,Female,20,158.0,32.0,2400.0,3000.0,1. Large Corporation,Yes,1200.0,3. Drive,240.0,300.0,0. Right-handed,0.0,No,I don't know,One,Yes,7,14 hours,7,No longer working,Yes,No,1.0,12.81845858035571
2025/01/16 2:46:48 pm GMT-8,BBA,Male,22,176.784,74.0,0.0,3000.0,1. Large Corporation,No,500.0,2. Public Transport,0.0,100.0,1. Left-handed,86.0,No,6,1,No,7,11,5,24,Yes,No,4.0,23.67804312831509
2025/01/16 2:49:50 pm GMT-8,MARKETING MANAGEMENT,Female,22,165.1,48.5,0.0,,1. Large Corporation,No,2950.0,3. Drive,100.0,100.0,0. Right-handed,0.0,Yes,no,.1,No,7,20-60,5-10,0,Yes,No,1.5,17.79293499415401
2025/01/16 2:49:53 pm GMT-8,MKTG,Female,20,168.0,74.84,0.0,5000.0,1. Large Corporation,Yes,800.0,3. Drive,160.0,40.0,0. Right-handed,90.0,No,9.69 inches long,0,Yes,11 hours,14 hours,17 hours,7 hours,Yes,No,0.0,26.51643990929706
2025/01/16 2:53:53 pm GMT-8,MKTG,Male,18,170.0,70.0,0.0,4000.0,2. Small Company,Yes,0.0,3. Drive,190.0,0.0,0. Right-handed,0.0,No,12,0,No,8,10,15,8-13,No,No,0.0,24.221453287197235
2025/01/16 2:54:04 pm GMT-8,MKTG,Female,19,164.0,70.0,2950.0,4000.0,1. Large Corporation,Yes,1200.0,2. Public Transport,60.0,100.0,0. Right-handed,36.0,No,I have no idea ,none ,No,4-6 hours ,21 hours per week ,A LOT ,0,Yes,Yes,1.0,26.026174895895306
2025/01/16 2:57:44 pm GMT-8,MKTG2J,Male,20,165.0,77.0,0.0,,1. Large Corporation,Yes,0.0,3. Drive,0.0,200.0,2. Ambidextrous,40.0,Yes,Idk,0,No,7,12,8,0,Yes,Yes,1.0,28.282828282828287
2025/01/16 3:04:55 pm GMT-8,EXCHANGE,Male,23,183.0,71.0,7000.0,6500.0,2. Small Company,Yes,900.0,1. Walk,0.0,50.0,,55.0,No,20,,No,6,21,20,0,Yes,No,0.0,21.20099137030069
2025/01/16 3:44:40 pm GMT-8,MKTG,Female,19,168.0,63.0,2950.0,4800.0,1. Large Corporation,Yes,100.0,2. Public Transport,0.0,400.0,0. Right-handed,0.0,No,9.6,1,No,7,6,8,0,No,No,1.0,22.321428571428577
2025/01/16 3:52:11 pm GMT-8,MKTG,Female,21,159.0,45.0,0.0,5000.0,2. Small Company,No,1200.0,2. Public Transport,60.0,100.0,0. Right-handed,60.0,No,,0,No,7,,,0,Yes,No,0.0,17.799928800284796
2025/01/16 4:41:58 pm GMT-8,MKTG,Female,27,164.0,50.0,0.0,5000.0,3. Non-profit or Government Agency,No,3000.0,3. Drive,150.0,100.0,0. Right-handed,50.0,Yes,8.75,much as I can,No,9,3hours,10hours,0,Yes,Yes,1.0,18.590124925639504
2025/01/16 4:42:32 pm GMT-8,BMGT,Male,21,178.0,66.0,0.0,3300.0,2. Small Company,Yes,3900.0,3. Drive,,0.0,0. Right-handed,80.0,No,11.25,0,No,8,0,40,0,Yes,No,0.0,20.830703194041156
2025/01/16 4:47:45 pm GMT-8,BABI,Female,24,161.0,57.0,0.0,4000.0,1. Large Corporation,Yes,200.0,2. Public Transport,0.0,20.0,0. Right-handed,0.0,No,8,1,No,8,30,25,8,Yes,Yes,0.0,21.98989236526368
2025/01/16 5:03:30 pm GMT-8,MMGT,Female,29,162.0,70.0,3500.0,2600.0,1. Large Corporation,No,1500.0,2. Public Transport,50.0,150.0,0. Right-handed,69.0,No,9.25,0-2,Yes,6,21,35,0,Yes,Yes,0.0,26.672763298277697
2025/01/16 6:46:46 pm GMT-8,BMGT,Female,23,,,4000.0,5000.0,1. Large Corporation,No,1200.0,3. Drive,60.0,100.0,0. Right-handed,48.0,No,,0,Yes,7.5,,,,Yes,No,1.0,
2025/01/16 7:31:42 pm GMT-8,BABI,Male,23,185.0,93.0,3700.0,3200.0,2. Small Company,Yes,60.0,2. Public Transport,90.0,75.0,0. Right-handed,50.0,No,9,1,No,7,5,10,8,Yes,Yes,0.0,27.173119065010955
2025/01/16 8:37:34 pm GMT-8,MKTG,Male,24,170.0,81.0,5500.0,3500.0,1. Large Corporation,Yes,700.0,3. Drive,,150.0,1. Left-handed,117.0,No,10.5,0-2,No,7,10,18,8,Yes,No,1.0,28.027681660899656
2025/01/16 11:11:41 pm GMT-8,MKTG,Male,23,170.0,57.0,3000.0,5000.0,1. Large Corporation,Yes,750.0,2. Public Transport,50.0,30.0,0. Right-handed,34.0,No,10,0,No,6,32,8,30,Yes,Yes,1.0,19.723183391003463
2025/01/17 6:25:04 am GMT-8,MKTG,Male,26,168.0,80.0,0.0,,2. Small Company,No,4000.0,2. Public Transport,50.0,100.0,0. Right-handed,30.0,No,9,2,No,7,5,6,0,Yes,No,1.0,28.344671201814062
2025/01/17 8:47:57 am GMT-8,BABI,Male,21,183.0,71.0,4000.0,5000.0,1. Large Corporation,Yes,100.0,3. Drive,100.0,30.0,0. Right-handed,0.0,No,10.5 inches,0,No,7.5,20,4,5,Yes,No,0.5,21.20099137030069
2025/01/17 10:41:44 am GMT-8,OMPT,Male,22,167.64,79.55,2950.0,5000.0,1. Large Corporation,Yes,1200.0,2. Public Transport,5.0,40.0,0. Right-handed,80.0,No,i forgot,depends,Yes,lucky if i can 6-7 but mainly 4-5,uhhh I know more than half my day,low 2 hrs high 4-5 hrs,10 hrs currently,Yes,Yes,1.0,28.306415657826726
2025/01/17 10:51:34 am GMT-8,BMGT,Male,20,178.0,84.0,3000.0,6000.0,1. Large Corporation,Yes,300.0,3. Drive,150.0,100.0,0. Right-handed,70.0,Yes,11,0,No,7,10,15,16,Yes,No,1.0,26.511804065143288
2025/01/17 12:00:17 pm GMT-8,BBAD,Female,22,172.0,57.0,0.0,5000.0,1. Large Corporation,No,1200.0,2. Public Transport,0.0,200.0,0. Right-handed,50.0,No,9 inches,4,No,7,15,10,12,Yes,Yes,2.0,19.2671714440238
2025/01/17 1:05:28 pm GMT-8,BABI,Male,20,172.0,64.0,0.0,5000.0,1. Large Corporation,No,1400.0,2. Public Transport,0.0,300.0,0. Right-handed,39.0,No,10.25,0,Yes,8,7,3,15,Yes,No,1.0,21.63331530557058
2025/01/17 4:50:38 pm GMT-8,ITMG,Female,26,170.0,60.0,2500.0,2000.0,1. Large Corporation,Yes,2500.0,3. Drive,300.0,20.0,0. Right-handed,50.0,No,No idea,0,No,8,30,10,20,Yes,No,0.0,20.761245674740486
2025/01/18 12:53:57 pm GMT-8,BMGT,Male,27,173.0,72.0,6000.0,6000.0,4. Other,No,2200.0,5. Other,180.0,50.0,0. Right-handed,50.0,No,10,0,Yes,5,2,10,20,Yes,Yes,1.0,24.0569347455645
2025/01/18 11:44:28 pm GMT-8,BABI,Female,29,165.0,62.0,3200.0,5000.0,1. Large Corporation,Yes,150.0,2. Public Transport,0.0,300.0,0. Right-handed,25.0,No,,2,No,7,14,24,25,Yes,No,0.5,22.77318640955005
2025/01/19 4:47:16 pm GMT-8,BMGT,Male,22,188.0,72.0,3200.0,5000.0,2. Small Company,Yes,300.0,3. Drive,100.0,100.0,0. Right-handed,0.0,No,11,8,No,8,24,10,0,Yes,No,1.0,20.37120869171571
2025/01/19 7:41:28 pm GMT-8,BBAD,Female,24,165.1,,2000.0,5100.0,3. Non-profit or Government Agency,Yes,300.0,3. Drive,300.0,100.0,1. Left-handed,100.0,No,9.5,0-1,No,6,50,20,20,Yes,Yes,1.0,
2025/01/19 8:09:31 pm GMT-8,BABI,Female,21,167.0,,0.0,5000.0,3. Non-profit or Government Agency,No,1000.0,2. Public Transport,0.0,20.0,0. Right-handed,45.0,No,9,0,No,6,5,10,22,Yes,No,1.0,
2025/01/19 10:24:34 pm GMT-8,BMGT,Female,19,182.0,55.0,0.0,5500.0,2. Small Company,Yes,1000.0,2. Public Transport,110.0,200.0,0. Right-handed,35.0,No,9.9,average 0-2,No,5,12,over 30,about 24,Yes,No,1.0,16.604274846033086
2025/01/20 10:55:29 am GMT-8,BMGT,Female,22,157.0,55.0,0.0,2000.0,1. Large Corporation,Yes,750.0,3. Drive,,200.0,0. Right-handed,100.0,No,,1,Yes,8,3,4,16,Yes,Yes,2.0,22.313278429145196
2025/01/20 11:33:05 am GMT-8,COMP,Male,21,169.0,,0.0,,1. Large Corporation,Yes,300.0,3. Drive,,30.0,0. Right-handed,70.0,No,10.3,0,No,7,40,,0,Yes,No,0.0,
2025/01/20 10:43:04 pm GMT-8,ITMG,Female,23,157.0,73.0,0.0,5447.0,2. Small Company,Yes,300.0,2. Public Transport,68.0,12.0,0. Right-handed,0.0,No,8.5,1,Yes,6,4,21,0,Yes,Yes,0.0,29.61580591504726
2025/01/23 9:33:54 am GMT-8,MKTG,Female,18,170.0,,0.0,1040.0,2. Small Company,No,1350.0,2. Public Transport,47.0,20.0,0. Right-handed,29.0,No,12.2,0,No,5,21,35,15,Yes,Yes,2.0,
